Data;Godz.;Dobowa prognoza zapotrzebowania KSE;Rzeczywiste zapotrzebowanie KSE
20150101;1;-0;15557,138
20150101;2;-0;14727,413
20150101;3;-0;13979,463
20150101;4;-0;13453,775
20150101;5;-0;13306
20150101;6;-0;13175,575
20150101;7;-0;13165,113
20150101;8;-0;13029,75
20150101;9;-0;12945,35
20150101;10;-0;13454,675
20150101;11;-0;14094,525
20150101;12;-0;14717,888
20150101;13;-0;15188,363
20150101;14;-0;15637,263
20150101;15;-0;15698,788
20150101;16;-0;15882,163
20150101;17;-0;17216,188
20150101;18;-0;17645,913
20150101;19;-0;17543,6
20150101;20;-0;17552,65
20150101;21;-0;17264,15
20150101;22;-0;16559,75
20150101;23;-0;15860,238
20150101;24;-0;14705,775
20150102;1;13828;13720,8
20150102;2;13212;13258,475
20150102;3;13028;13010,575
20150102;4;13056;13006,9
20150102;5;13426;13241,45
20150102;6;14309;13985,825
20150102;7;15800;15719,825
20150102;8;17283;16899,625
20150102;9;17764;17782,8
20150102;10;18537;18763,35
20150102;11;19148;19358,025
20150102;12;19441;19743,775
20150102;13;19702;20030,825
20150102;14;19830;20491,95
20150102;15;20050;20393,95
20150102;16;20328;20516,4
20150102;17;21690;21503,975
20150102;18;21629;21448,8
20150102;19;21356;21109,575
20150102;20;21079;20924,3
20150102;21;20360;20286,175
20150102;22;19090;19113,525
20150102;23;17590;17908,1
20150102;24;16215;16641,7
20150103;1;15168;15491,375
20150103;2;14349;14866,75
20150103;3;13955;14559,7
20150103;4;13834;14399,3
20150103;5;13946;14584,075
20150103;6;14373;14754,5
20150103;7;15354;15689,425
20150103;8;16219;16285,25
20150103;9;17170;17005,975
20150103;10;18296;18138,15
20150103;11;18982;18846,65
20150103;12;19308;19193,75
20150103;13;19371;19228,25
20150103;14;19484;19455,45
20150103;15;19230;19216,575
20150103;16;19599;19568,15
20150103;17;20782;20674,05
20150103;18;20909;20548,275
20150103;19;20614;20469,95
20150103;20;20460;20157,95
20150103;21;19780;19535,675
20150103;22;18609;18337,525
20150103;23;17347;17324,4
20150103;24;16205;16106,925
20150104;1;14800;15072,2
20150104;2;14000;14350,25
20150104;3;13500;13946,2
20150104;4;13250;13792,85
20150104;5;13300;13817,225
20150104;6;13400;13964,8
20150104;7;13900;14381,15
20150104;8;14100;14469,725
20150104;9;15000;15067,3
20150104;10;15900;16019,325
20150104;11;16600;16764,95
20150104;12;16850;17174,65
20150104;13;17150;17300,2
20150104;14;17300;17593,1
20150104;15;17050;17347,425
20150104;16;17800;17553,35
20150104;17;19000;19026,25
20150104;18;19150;19287,325
20150104;19;19200;19294,875
20150104;20;19300;19320,15
20150104;21;18700;18646,8
20150104;22;17900;17920,375
20150104;23;16900;16953,075
20150104;24;15600;15826,7
20150105;1;14800;14796,225
20150105;2;14300;14212,15
20150105;3;14100;14036,875
20150105;4;14050;13981,175
20150105;5;14325;14320,725
20150105;6;15100;15035,9
20150105;7;16875;17081,275
20150105;8;18475;18428,8
20150105;9;19375;19411,8
20150105;10;20150;20241,275
20150105;11;20500;20542,625
20150105;12;20775;20803,025
20150105;13;20825;20876,925
20150105;14;21000;21171,425
20150105;15;20825;20995,2
20150105;16;21025;20977,075
20150105;17;22375;22323
20150105;18;22550;22399,275
20150105;19;22300;22214,55
20150105;20;22075;21919,6
20150105;21;21475;21086,425
20150105;22;20150;19861,45
20150105;23;18700;18574,75
20150105;24;17300;17262,925
20150106;1;15900;16169,95
20150106;2;15000;15395,75
20150106;3;14400;15059,275
20150106;4;14200;14924,775
20150106;5;14200;14872,975
20150106;6;14100;14824,925
20150106;7;14400;15005,05
20150106;8;14400;15064,275
20150106;9;15300;15570,9
20150106;10;16100;16433,725
20150106;11;16700;17014,85
20150106;12;17100;17398,95
20150106;13;17400;17560,925
20150106;14;17600;17905,55
20150106;15;17400;17608,8
20150106;16;17900;17647,95
20150106;17;19100;19321,025
20150106;18;19200;19796,925
20150106;19;19300;19897,25
20150106;20;19300;19907,7
20150106;21;18800;19579,05
20150106;22;18000;18636,025
20150106;23;17100;17812,3
20150106;24;15900;16429,1
20150107;1;15000;15520,7
20150107;2;14500;15134,425
20150107;3;14200;14919,15
20150107;4;14200;15074,675
20150107;5;14800;15366,05
20150107;6;16300;16505,625
20150107;7;19700;19846,4
20150107;8;20700;21757,35
20150107;9;21500;22658,3
20150107;10;21800;23187,25
20150107;11;22000;23307,675
20150107;12;22100;23492,4
20150107;13;22300;23582,85
20150107;14;22500;23708,425
20150107;15;22200;23499,675
20150107;16;22600;23527,85
20150107;17;23800;24799,9
20150107;18;23700;24771,875
20150107;19;23400;24396,325
20150107;20;23300;24237,525
20150107;21;22600;23519,4
20150107;22;21300;21839,275
20150107;23;19800;20220,575
20150107;24;18200;18784,825
20150108;1;17000;17725,3
20150108;2;16300;17096,825
20150108;3;16100;16691,875
20150108;4;16100;16763,925
20150108;5;16500;17045,025
20150108;6;17700;17819,55
20150108;7;20700;20514
20150108;8;21700;22147,575
20150108;9;22400;22826,1
20150108;10;22600;23163,375
20150108;11;22700;23138,55
20150108;12;22700;23368,625
20150108;13;22700;23303,9
20150108;14;23000;23276,65
20150108;15;22700;23072,325
20150108;16;22800;23200,2
20150108;17;24000;24445,3
20150108;18;23900;24559,15
20150108;19;23600;24210,25
20150108;20;23400;24048,15
20150108;21;22700;23141,2
20150108;22;21300;21517,9
20150108;23;19700;19791,175
20150108;24;18200;18446,5
20150109;1;17550;17618,05
20150109;2;16875;17064,65
20150109;3;16572;16721,7
20150109;4;16552;16678,375
20150109;5;16845;16875,8
20150109;6;17741;17623,825
20150109;7;20375;20394,175
20150109;8;21962;21996,35
20150109;9;22500;22651,6
20150109;10;23095;22907,225
20150109;11;22875;22955,675
20150109;12;23152;23136,825
20150109;13;23228;23248,9
20150109;14;23262;23453,625
20150109;15;23018;23304,825
20150109;16;23085;23280,725
20150109;17;24268;24106,025
20150109;18;24432;23959,875
20150109;19;24108;23611,1
20150109;20;23818;23351,725
20150109;21;23108;22494,45
20150109;22;21650;20795,975
20150109;23;19935;19461,225
20150109;24;18520;18307,825
20150110;1;17000;17109,375
20150110;2;16200;16438,15
20150110;3;15800;16122,3
20150110;4;15700;15987,9
20150110;5;15700;15951,9
20150110;6;16000;16166,175
20150110;7;17200;17264,875
20150110;8;17800;18177,35
20150110;9;19050;19154,3
20150110;10;19850;20254,675
20150110;11;20250;20802,375
20150110;12;20350;21042,1
20150110;13;20350;20970,575
20150110;14;20500;20944,825
20150110;15;19900;20566,15
20150110;16;20250;20447,175
20150110;17;21550;21424,55
20150110;18;21450;21300,075
20150110;19;21100;20709,1
20150110;20;21000;20433,525
20150110;21;20300;19796,875
20150110;22;19000;18466,075
20150110;23;18000;17453,475
20150110;24;16700;16345,75
20150111;1;15750;15314,525
20150111;2;15050;14609,4
20150111;3;14550;14299,225
20150111;4;14350;14179,85
20150111;5;14350;14214,15
20150111;6;14500;14324,275
20150111;7;15150;14840,6
20150111;8;15350;15034,2
20150111;9;16450;15693,925
20150111;10;17450;16765,9
20150111;11;17850;17396,2
20150111;12;18150;17880,6
20150111;13;18250;18036,725
20150111;14;18450;18296,55
20150111;15;18050;18138,425
20150111;16;18250;18034,2
20150111;17;19850;19390,225
20150111;18;20050;19787,5
20150111;19;20250;19818,125
20150111;20;20250;19846,775
20150111;21;19700;19064,275
20150111;22;18800;18117,475
20150111;23;17900;17297,2
20150111;24;16600;16155,175
20150112;1;15400;15221,075
20150112;2;14950;14720,175
20150112;3;14750;14576,7
20150112;4;14900;14681,625
20150112;5;15500;15076,775
20150112;6;17300;16274,075
20150112;7;20700;19562,55
20150112;8;21750;21536,25
20150112;9;22750;22428,9
20150112;10;22950;22785,85
20150112;11;23100;22930,875
20150112;12;23250;23036,5
20150112;13;23300;23225,925
20150112;14;23550;23273,775
20150112;15;23050;23052,225
20150112;16;23050;23136,6
20150112;17;24450;24102,85
20150112;18;24300;24189,7
20150112;19;23900;23864,075
20150112;20;23800;23689,1
20150112;21;23100;22875,175
20150112;22;21700;21300,675
20150112;23;20000;19659,275
20150112;24;18500;18269,475
20150113;1;17400;17135,15
20150113;2;16800;16607,425
20150113;3;16400;16256,4
20150113;4;16400;16202,55
20150113;5;16900;16499,925
20150113;6;18100;17465,375
20150113;7;21200;20165,575
20150113;8;22100;21816,15
20150113;9;22800;22308,925
20150113;10;23000;22451,25
20150113;11;23100;22427,925
20150113;12;23150;22613,2
20150113;13;23250;22524,425
20150113;14;23450;22491,75
20150113;15;23100;22183,85
20150113;16;23300;22072,075
20150113;17;24400;23491,775
20150113;18;24300;23899,3
20150113;19;23900;23709,975
20150113;20;23800;23596,625
20150113;21;23000;22798,05
20150113;22;21700;21092,475
20150113;23;20000;19570,025
20150113;24;18500;18166,825
20150114;1;17300;17018,35
20150114;2;16700;16424,675
20150114;3;16400;16109,55
20150114;4;16300;16205,075
20150114;5;16800;16461,7
20150114;6;18100;17284,875
20150114;7;21400;20183,65
20150114;8;22300;21698,95
20150114;9;23000;22303
20150114;10;23200;22589,4
20150114;11;23300;22401,25
20150114;12;23400;22627,525
20150114;13;23400;22791,675
20150114;14;23600;22650,1
20150114;15;23200;22348,3
20150114;16;23500;22341,525
20150114;17;24400;23645,975
20150114;18;24500;23904,325
20150114;19;24000;23773,875
20150114;20;23900;23654,3
20150114;21;22900;22852,2
20150114;22;21500;21082,975
20150114;23;19900;19414,8
20150114;24;18400;18146,1
20150115;1;17300;16958,65
20150115;2;16700;16389,9
20150115;3;16400;16071,3
20150115;4;16400;16118,075
20150115;5;16800;16359
20150115;6;18000;17197
20150115;7;21100;20086
20150115;8;22000;21640,375
20150115;9;22700;22286,3
20150115;10;22900;22469,425
20150115;11;23000;22399,35
20150115;12;23100;22609,25
20150115;13;23200;22553,55
20150115;14;23200;22611,925
20150115;15;22900;22438,925
20150115;16;23000;22428,575
20150115;17;24300;23905,975
20150115;18;24200;24122,725
20150115;19;23900;23763,6
20150115;20;23800;23565,4
20150115;21;23000;22918,4
20150115;22;21600;21337,25
20150115;23;20000;19627,475
20150115;24;18400;18202,15
20150116;1;17100;17132,4
20150116;2;16400;16488,125
20150116;3;16100;16148,125
20150116;4;16200;16227,625
20150116;5;16700;16450,3
20150116;6;17900;17189,875
20150116;7;21200;20115,475
20150116;8;22000;21593,925
20150116;9;22500;22075,6
20150116;10;22600;22296,625
20150116;11;22700;22128,125
20150116;12;22700;22274,225
20150116;13;22800;22220,725
20150116;14;22900;22280,775
20150116;15;22600;22072,6
20150116;16;22500;22024,95
20150116;17;24000;23489,075
20150116;18;24000;23731,875
20150116;19;23800;23342,725
20150116;20;23700;23060,525
20150116;21;22900;22245,925
20150116;22;21400;20599,975
20150116;23;19800;19102,85
20150116;24;18100;17946,05
20150117;1;17000;16848
20150117;2;16300;16069,75
20150117;3;15900;15782
20150117;4;15750;15709,95
20150117;5;15750;15727,9
20150117;6;16000;15978,8
20150117;7;17400;17024,475
20150117;8;18000;17859,7
20150117;9;19250;19070,2
20150117;10;20100;19944,15
20150117;11;20500;20318,125
20150117;12;20500;20499,425
20150117;13;20550;20384,4
20150117;14;20450;20417,525
20150117;15;20000;20049,3
20150117;16;20250;20047,275
20150117;17;21450;21212,45
20150117;18;21400;21306,4
20150117;19;20950;21053,05
20150117;20;20750;20794,225
20150117;21;20200;20087,225
20150117;22;18900;18802,25
20150117;23;17700;17720,9
20150117;24;16600;16502,025
20150118;1;15400;15445,775
20150118;2;14600;14813,375
20150118;3;14300;14387,5
20150118;4;14200;14217,275
20150118;5;14200;14197,075
20150118;6;14400;14364,775
20150118;7;14900;14845,225
20150118;8;15100;15139,875
20150118;9;16200;15939,675
20150118;10;17200;16898,2
20150118;11;17700;17690,925
20150118;12;18000;17930,9
20150118;13;18200;18106,25
20150118;14;18300;18138,9
20150118;15;18200;17911,95
20150118;16;18300;17704,225
20150118;17;19700;18993,05
20150118;18;19900;19512,35
20150118;19;19900;19636,475
20150118;20;20000;19635,625
20150118;21;19200;18994,55
20150118;22;18300;18191,95
20150118;23;17400;17202,8
20150118;24;16300;16076,45
20150119;1;15200;15144,3
20150119;2;14700;14788,275
20150119;3;14500;14547,8
20150119;4;14600;14564,7
20150119;5;15000;14938,55
20150119;6;16700;16053,9
20150119;7;20200;19347,35
20150119;8;21500;21293,625
20150119;9;22400;22261,2
20150119;10;22600;22757,6
20150119;11;22800;22869,625
20150119;12;22800;23050,575
20150119;13;22900;23199,725
20150119;14;23100;23269,925
20150119;15;22700;23041,425
20150119;16;22700;22843,775
20150119;17;24300;23770,175
20150119;18;24300;23925,375
20150119;19;23900;23597,95
20150119;20;23800;23441,85
20150119;21;23000;22529,55
20150119;22;21600;21097,975
20150119;23;19800;19559,75
20150119;24;18500;18055,025
20150120;1;17300;16996,55
20150120;2;16700;16412,075
20150120;3;16500;16153
20150120;4;16600;16210,55
20150120;5;17000;16477,925
20150120;6;18200;17320,275
20150120;7;21100;20162,475
20150120;8;22100;21865,475
20150120;9;22800;22625,75
20150120;10;23000;22896,925
20150120;11;23300;22887,45
20150120;12;23400;23225,475
20150120;13;23500;23263,65
20150120;14;23800;23351,975
20150120;15;23300;23080,15
20150120;16;22900;22952,625
20150120;17;24600;23842,2
20150120;18;24600;24067,7
20150120;19;24200;23832,45
20150120;20;24200;23664,425
20150120;21;23500;22841,825
20150120;22;22100;21158,3
20150120;23;20500;19714,45
20150120;24;19100;18270,3
20150121;1;17600;17379,8
20150121;2;16900;16705,7
20150121;3;16700;16441,075
20150121;4;16700;16561,525
20150121;5;17100;16852,025
20150121;6;18300;17646,7
20150121;7;21200;20172,85
20150121;8;22100;21949,475
20150121;9;22900;22634,4
20150121;10;23100;22932,65
20150121;11;23400;22951,025
20150121;12;23400;23231,95
20150121;13;23600;23214,825
20150121;14;23800;23304,375
20150121;15;23300;22931,8
20150121;16;23100;22709,275
20150121;17;24500;23641,975
20150121;18;24600;23853,4
20150121;19;24100;23526,65
20150121;20;24100;23348,7
20150121;21;23300;22687,575
20150121;22;21900;21125,8
20150121;23;20300;19584,925
20150121;24;18800;18149,7
20150122;1;17128;17179,025
20150122;2;16470;16465,7
20150122;3;16228;16248,075
20150122;4;16250;16197,35
20150122;5;16562;16524,775
20150122;6;17455;17322,325
20150122;7;19958;20126,475
20150122;8;21780;21716,875
20150122;9;22532;22568,825
20150122;10;23032;23007,85
20150122;11;23142;23102,975
20150122;12;23376;23267,825
20150122;13;23416;23381,575
20150122;14;23435;23426,875
20150122;15;23088;23126,4
20150122;16;23000;22961,225
20150122;17;23728;23856
20150122;18;24302;24162,5
20150122;19;23938;23751,35
20150122;20;23508;23572,225
20150122;21;22755;22864,25
20150122;22;21340;21192,4
20150122;23;19738;19802,875
20150122;24;18390;18343
20150123;1;17304;17352,025
20150123;2;16615;16726,7
20150123;3;16276;16387,3
20150123;4;16289;16436,25
20150123;5;16614;16747,125
20150123;6;17653;17425,75
20150123;7;20039;20217,375
20150123;8;21889;21827,35
20150123;9;22615;22526,4
20150123;10;22982;22916,675
20150123;11;23092;23038,65
20150123;12;23380;23368,2
20150123;13;23452;23410,125
20150123;14;23508;23490,05
20150123;15;23200;23214
20150123;16;23025;22938,55
20150123;17;23575;23754,8
20150123;18;24272;24162,75
20150123;19;23910;23773,25
20150123;20;23685;23435,975
20150123;21;22826;22604,125
20150123;22;21212;20954,3
20150123;23;19702;19575,025
20150123;24;18350;18315,05
20150124;1;17422;17259,375
20150124;2;16618;16552,7
20150124;3;16195;16113,05
20150124;4;16108;16022,55
20150124;5;16182;16144,175
20150124;6;16348;16297,825
20150124;7;17080;17379,075
20150124;8;18198;18194,625
20150124;9;19348;19410,725
20150124;10;20355;20442,825
20150124;11;20810;21062,7
20150124;12;21100;21283,55
20150124;13;21190;21145,6
20150124;14;21065;21014,35
20150124;15;20638;20375,425
20150124;16;20466;20210,5
20150124;17;21140;21022,35
20150124;18;21860;21526,125
20150124;19;21480;21322,475
20150124;20;21092;21065,125
20150124;21;20530;20351,775
20150124;22;19225;19106,875
20150124;23;18298;17979,35
20150124;24;17095;16696,7
20150125;1;15935;15735,8
20150125;2;15188;15104,025
20150125;3;14694;14693,2
20150125;4;14542;14646,675
20150125;5;14568;14665,625
20150125;6;14685;14695,4
20150125;7;15212;15192,8
20150125;8;15550;15414,325
20150125;9;16385;16189,475
20150125;10;17452;17213,575
20150125;11;18046;17977,35
20150125;12;18370;18335,525
20150125;13;18484;18417,175
20150125;14;18557;18523,65
20150125;15;18233;18128,35
20150125;16;17942;17907,5
20150125;17;18898;18961,475
20150125;18;19935;19849,05
20150125;19;20028;19993,75
20150125;20;20020;19991,375
20150125;21;19505;19347,925
20150125;22;18590;18525,175
20150125;23;17710;17620,875
20150125;24;16670;16347,025
20150126;1;15465;15517,775
20150126;2;14990;15032,575
20150126;3;14900;14837,475
20150126;4;14925;14930,375
20150126;5;15240;15331,15
20150126;6;16449;16459,125
20150126;7;19321;19708,05
20150126;8;21688;21360,2
20150126;9;22465;22449,1
20150126;10;22920;22858,25
20150126;11;23112;22902,25
20150126;12;23245;23200,125
20150126;13;23304;23156,625
20150126;14;23365;23217,75
20150126;15;22814;22833,725
20150126;16;22759;22629,375
20150126;17;23500;23373,8
20150126;18;23995;24011,475
20150126;19;23605;23778,525
20150126;20;23360;23645,075
20150126;21;22728;22742,5
20150126;22;21318;21156,85
20150126;23;19712;19618,65
20150126;24;18390;18249,875
20150127;1;17214;17273,075
20150127;2;16538;16829,575
20150127;3;16500;16539
20150127;4;16476;16540,4
20150127;5;16715;16848,775
20150127;6;17625;17674,525
20150127;7;20052;20171,675
20150127;8;21840;21707,825
20150127;9;22682;22512,775
20150127;10;22902;22950,35
20150127;11;22935;23050,725
20150127;12;23252;23244,65
20150127;13;23338;23334,8
20150127;14;23450;23389,05
20150127;15;23120;23129,8
20150127;16;22860;22986,625
20150127;17;23515;23644,075
20150127;18;24525;24242,4
20150127;19;24088;23893,025
20150127;20;23605;23664,075
20150127;21;22788;23008,975
20150127;22;21512;21298,775
20150127;23;19898;19786,575
20150127;24;18593;18361,55
20150128;1;17389;17386,1
20150128;2;16673;16863,575
20150128;3;16528;16517,325
20150128;4;16545;16515,7
20150128;5;16815;16801,425
20150128;6;17715;17580,725
20150128;7;20048;20217,55
20150128;8;21690;21762,95
20150128;9;22478;22628,4
20150128;10;23082;23006,95
20150128;11;23040;23006,6
20150128;12;23375;23256,15
20150128;13;23408;23209,3
20150128;14;23499;23292,85
20150128;15;22963;22959,45
20150128;16;22619;22696,225
20150128;17;23432;23381,3
20150128;18;24255;23990,775
20150128;19;23554;23745,8
20150128;20;23475;23576,05
20150128;21;22752;22901,35
20150128;22;21260;21161,375
20150128;23;19600;19636,825
20150128;24;18370;18303,325
20150129;1;17502;17214,35
20150129;2;16682;16684,525
20150129;3;16328;16284,225
20150129;4;16350;16245,75
20150129;5;16658;16524,575
20150129;6;17428;17311,475
20150129;7;19775;19923,375
20150129;8;21462;21531,325
20150129;9;22505;22412,175
20150129;10;22910;22853,025
20150129;11;22888;22973,575
20150129;12;22978;23196,25
20150129;13;23178;23160,025
20150129;14;23355;23140,9
20150129;15;22830;22702,225
20150129;16;22595;22353,875
20150129;17;23382;23012
20150129;18;23902;23807,825
20150129;19;23568;23642,825
20150129;20;23268;23419,65
20150129;21;22848;22705,825
20150129;22;21365;21064,25
20150129;23;19740;19613,8
20150129;24;18420;18118,225
20150130;1;17128;17226,275
20150130;2;16508;16642,275
20150130;3;16325;16356,275
20150130;4;16322;16371,375
20150130;5;16585;16612,05
20150130;6;17452;17410,875
20150130;7;19850;19978,325
20150130;8;21612;21276,35
20150130;9;22262;22206,525
20150130;10;22430;22589,775
20150130;11;22552;22797,275
20150130;12;22808;22935,275
20150130;13;22865;23031,175
20150130;14;23055;22959,975
20150130;15;22672;22784,2
20150130;16;22514;22558,075
20150130;17;23125;23315,725
20150130;18;23840;23944,575
20150130;19;23488;23625,725
20150130;20;23258;23220,925
20150130;21;22552;22475,125
20150130;22;21070;20868,075
20150130;23;19542;19523,625
20150130;24;18235;18224,625
20150131;1;17175;17174,025
20150131;2;16468;16462,325
20150131;3;16020;16075,75
20150131;4;15902;16030,725
20150131;5;15940;16058,65
20150131;6;16178;16163,45
20150131;7;16985;17191,025
20150131;8;18048;17711,7
20150131;9;18902;19043,65
20150131;10;20068;19946,625
20150131;11;20635;20366,975
20150131;12;20692;20501,8
20150131;13;20610;20370,8
20150131;14;20300;20337,925
20150131;15;19792;19708,5
20150131;16;19695;19504,45
20150131;17;20430;20239,9
20150131;18;21088;21196,025
20150131;19;20955;21053,4
20150131;20;20638;20739,3
20150131;21;19878;20087,35
20150131;22;18855;18854,8
20150131;23;17858;17667,725
20150131;24;16740;16510,1
20150201;1;15750;15457,35
20150201;2;15025;14916,225
20150201;3;14495;14582,75
20150201;4;14402;14388,4
20150201;5;14430;14379,55
20150201;6;14535;14352,3
20150201;7;14860;14905,65
20150201;8;15168;15017,4
20150201;9;15902;15958,5
20150201;10;17120;16991,525
20150201;11;17762;17590,85
20150201;12;17832;17848
20150201;13;17868;17748,125
20150201;14;17802;17852,125
20150201;15;17504;17510,925
20150201;16;17330;17248,55
20150201;17;18238;17960,575
20150201;18;19409;19560,3
20150201;19;19723;19769,85
20150201;20;19805;19592,15
20150201;21;19338;19106,5
20150201;22;18350;18101,65
20150201;23;17360;17209,625
20150201;24;16275;16059,075
20150202;1;15412;15157,5
20150202;2;14912;14829,125
20150202;3;14735;14575,025
20150202;4;14830;14801,725
20150202;5;15242;15058,975
20150202;6;16452;16283,425
20150202;7;19050;19406,575
20150202;8;21038;21082,55
20150202;9;22158;22071,725
20150202;10;22675;22440,175
20150202;11;22568;22553,35
20150202;12;22775;22633,475
20150202;13;22782;22675,825
20150202;14;22605;22694,5
20150202;15;22225;22295,7
20150202;16;22070;22001,15
20150202;17;22710;22650,425
20150202;18;23885;23710,425
20150202;19;23452;23455,225
20150202;20;23108;23447,8
20150202;21;22418;22620,975
20150202;22;21210;21158,5
20150202;23;19642;19641,175
20150202;24;18295;18193,55
20150203;1;17290;17151,475
20150203;2;16782;16514,7
20150203;3;16478;16306,05
20150203;4;16352;16330,875
20150203;5;16685;16697,075
20150203;6;17540;17561,7
20150203;7;19650;20141,05
20150203;8;21670;21554,175
20150203;9;22478;22467,2
20150203;10;22830;22821,225
20150203;11;22805;22697,425
20150203;12;23002;22793,575
20150203;13;23015;22867,825
20150203;14;22935;22872,2
20150203;15;22625;22628,675
20150203;16;22360;22243,6
20150203;17;22792;22869,25
20150203;18;23805;23996,225
20150203;19;23642;23822,125
20150203;20;23615;23633,225
20150203;21;22922;22869,1
20150203;22;21342;21266,025
20150203;23;19722;19795
20150203;24;18495;18401,025
20150204;1;17307;17302,075
20150204;2;16640;16711,725
20150204;3;16396;16541,6
20150204;4;16458;16576,225
20150204;5;16848;16847,475
20150204;6;17750;17631,85
20150204;7;19952;20332,175
20150204;8;21643;21781,525
20150204;9;22575;22801,3
20150204;10;23029;23045,55
20150204;11;23051;22971,2
20150204;12;23242;23159,725
20150204;13;23190;23130,15
20150204;14;23186;23133,15
20150204;15;22808;22751,35
20150204;16;22440;22406,75
20150204;17;23135;23088,7
20150204;18;24178;24089,75
20150204;19;23906;23951,65
20150204;20;23756;23678,525
20150204;21;22905;22897,375
20150204;22;21435;21327,275
20150204;23;19796;19858,775
20150204;24;18530;18394,95
20150205;1;17400;17389,275
20150205;2;16800;16772,9
20150205;3;16500;16574,7
20150205;4;16700;16589,3
20150205;5;17100;16919,225
20150205;6;18300;17811,55
20150205;7;21100;20453,65
20150205;8;22100;21864,95
20150205;9;23100;22957,325
20150205;10;23200;23250,125
20150205;11;23200;23221,175
20150205;12;23200;23266,575
20150205;13;23300;23267,05
20150205;14;23400;23378,3
20150205;15;22900;23003,825
20150205;16;22400;22708,7
20150205;17;24000;23239,925
20150205;18;24400;24213,25
20150205;19;24000;24031,45
20150205;20;24000;23830,45
20150205;21;23200;23010,6
20150205;22;21800;21497,875
20150205;23;20300;19960,7
20150205;24;18900;18445,8
20150206;1;17300;17404,125
20150206;2;16650;16879
20150206;3;16400;16662,9
20150206;4;16600;16650,8
20150206;5;17000;16952,95
20150206;6;18200;17766,85
20150206;7;21000;20348,625
20150206;8;22100;21922,225
20150206;9;22900;22799,45
20150206;10;23050;23185,225
20150206;11;23000;23214,2
20150206;12;23050;23255,875
20150206;13;23150;23436
20150206;14;23350;23418,25
20150206;15;22800;23012,75
20150206;16;22300;22636,2
20150206;17;23800;22900,925
20150206;18;24150;24143,35
20150206;19;23850;23945,25
20150206;20;23800;23642,425
20150206;21;22950;22761,4
20150206;22;21600;21215,1
20150206;23;19950;19724,325
20150206;24;18550;18509,6
20150207;1;17200;17485,825
20150207;2;16500;16817,875
20150207;3;16100;16475,975
20150207;4;16000;16391,05
20150207;5;16100;16530,35
20150207;6;16200;16608,775
20150207;7;17250;17495,3
20150207;8;18050;18077
20150207;9;19450;19353,7
20150207;10;20150;20231,45
20150207;11;20650;20575,85
20150207;12;20650;20789,625
20150207;13;20450;20594
20150207;14;20550;20651,45
20150207;15;19850;19964,525
20150207;16;19450;19572,625
20150207;17;20550;20131,725
20150207;18;21300;21310,2
20150207;19;21050;21269,85
20150207;20;20850;20952,875
20150207;21;20250;20328,625
20150207;22;18950;18932,15
20150207;23;17950;17874,075
20150207;24;16650;16686,975
20150208;1;15800;15558,5
20150208;2;15100;14959,975
20150208;3;14700;14693,8
20150208;4;14500;14737,125
20150208;5;14600;14689,7
20150208;6;14700;14775,45
20150208;7;15000;15070,275
20150208;8;15500;15290,925
20150208;9;16500;16261,025
20150208;10;17400;17239,5
20150208;11;17900;17891,175
20150208;12;18000;18159,125
20150208;13;18100;18233,05
20150208;14;18300;18241,55
20150208;15;17950;17956,95
20150208;16;17500;17470,35
20150208;17;18900;17999,65
20150208;18;19700;19767,775
20150208;19;19900;20076,325
20150208;20;20000;20021,475
20150208;21;19400;19392,75
20150208;22;18500;18417,3
20150208;23;17550;17439,275
20150208;24;16300;16331,975
20150209;1;15600;15511,375
20150209;2;15100;15144,15
20150209;3;14900;14929,45
20150209;4;15100;15208,175
20150209;5;15700;15496,475
20150209;6;17500;16699,9
20150209;7;20700;19522,875
20150209;8;22000;21089,525
20150209;9;22900;22364,275
20150209;10;23050;22929,275
20150209;11;23250;22968,275
20150209;12;23250;23179,375
20150209;13;23350;23304,6
20150209;14;23550;23408,7
20150209;15;23200;23016,2
20150209;16;22550;22604,525
20150209;17;23550;22855,925
20150209;18;24300;23910,35
20150209;19;24000;23786,125
20150209;20;23900;23475
20150209;21;23000;22639,925
20150209;22;21650;21189,8
20150209;23;20150;19602,95
20150209;24;18550;18259,825
20150210;1;17400;17132,925
20150210;2;16800;16453,8
20150210;3;16500;16309,2
20150210;4;16600;16357,125
20150210;5;17100;16672,875
20150210;6;18300;17430,8
20150210;7;20900;19956,45
20150210;8;22300;21387,25
20150210;9;23000;22341,85
20150210;10;23300;22651,525
20150210;11;23200;22840,975
20150210;12;23300;22930,025
20150210;13;23300;23077,225
20150210;14;23500;23059,4
20150210;15;22900;22749,775
20150210;16;22500;22392,35
20150210;17;23400;22550,8
20150210;18;24200;23705,225
20150210;19;24100;23617,95
20150210;20;23900;23464,9
20150210;21;23100;22712,325
20150210;22;21700;21115,375
20150210;23;20100;19588,125
20150210;24;18700;18013,65
20150211;1;17300;17114,35
20150211;2;16700;16541,375
20150211;3;16400;16320,35
20150211;4;16500;16355,375
20150211;5;17050;16657,7
20150211;6;18200;17497,475
20150211;7;20700;19971,525
20150211;8;21900;21440,875
20150211;9;22700;22364,75
20150211;10;22900;22771,2
20150211;11;23050;22784,8
20150211;12;23100;23028,45
20150211;13;23200;23108,85
20150211;14;23400;23200,85
20150211;15;23000;22900,975
20150211;16;22500;22627,1
20150211;17;23350;22836,475
20150211;18;24000;23795,6
20150211;19;23800;23742,275
20150211;20;23700;23543,3
20150211;21;23000;22625,75
20150211;22;21400;21081,6
20150211;23;19800;19559,8
20150211;24;18400;18087,475
20150212;1;17300;17099,5
20150212;2;16700;16444,8
20150212;3;16400;16196,9
20150212;4;16500;16181,825
20150212;5;17000;16482,85
20150212;6;18200;17318,375
20150212;7;20600;19699,15
20150212;8;21950;21168,225
20150212;9;22700;22163,8
20150212;10;22900;22462,125
20150212;11;23000;22574,65
20150212;12;23000;22690,225
20150212;13;23100;22648,85
20150212;14;23300;22564,725
20150212;15;22900;22286,1
20150212;16;22400;21910,45
20150212;17;23100;22070,825
20150212;18;23800;23365,3
20150212;19;23800;23498,3
20150212;20;23700;23338,775
20150212;21;22900;22648,95
20150212;22;21500;21018,8
20150212;23;19900;19391,2
20150212;24;18400;18002,45
20150213;1;17200;17019,675
20150213;2;16500;16535,75
20150213;3;16300;16198,2
20150213;4;16400;16286,125
20150213;5;16800;16607,1
20150213;6;18100;17441,25
20150213;7;20600;19917,8
20150213;8;21900;21221,425
20150213;9;22650;22183,45
20150213;10;22900;22423,25
20150213;11;22900;22343,275
20150213;12;22900;22391,675
20150213;13;22950;22274,225
20150213;14;23150;22229,775
20150213;15;22750;21791,675
20150213;16;22150;21417,275
20150213;17;23100;21541,3
20150213;18;23800;23217,95
20150213;19;23600;23376,05
20150213;20;23500;23057,95
20150213;21;22800;22291,15
20150213;22;21350;20595,775
20150213;23;19750;19191,275
20150213;24;18350;17877,5
20150214;1;17400;16922,4
20150214;2;16700;16214,275
20150214;3;16300;15934,125
20150214;4;16200;15842,4
20150214;5;16300;15998,95
20150214;6;16300;16220,125
20150214;7;17000;16870,375
20150214;8;18000;17847,025
20150214;9;19500;19175,225
20150214;10;20100;19940,175
20150214;11;20500;20125,675
20150214;12;20500;20156,3
20150214;13;20400;19991,175
20150214;14;20600;19753,375
20150214;15;19900;19040,725
20150214;16;19300;18682,725
20150214;17;20000;18868,15
20150214;18;21200;20528,725
20150214;19;21100;20756,875
20150214;20;20900;20479,875
20150214;21;20200;19740,9
20150214;22;19000;18540,775
20150214;23;18100;17383,5
20150214;24;16800;16295,925
20150215;1;15600;15377,325
20150215;2;14800;14769,05
20150215;3;14400;14402,575
20150215;4;14300;14344,05
20150215;5;14350;14449,8
20150215;6;14400;14506,5
20150215;7;14500;14689,95
20150215;8;15300;15069,6
20150215;9;16400;16143,4
20150215;10;17300;16969,85
20150215;11;17800;17512
20150215;12;17900;17725,55
20150215;13;17900;17725
20150215;14;18100;17715,125
20150215;15;17700;17287,4
20150215;16;17200;16966,2
20150215;17;18100;17355,1
20150215;18;19550;19137,35
20150215;19;19850;19593,4
20150215;20;19850;19649,9
20150215;21;19300;19047,175
20150215;22;18300;18071,7
20150215;23;17400;17161,875
20150215;24;16200;16222,3
20150216;1;15200;15417,6
20150216;2;14800;14871,325
20150216;3;14600;14641,7
20150216;4;14700;14674,475
20150216;5;15400;15167,65
20150216;6;17200;16329,75
20150216;7;19900;19342,4
20150216;8;21350;21220,35
20150216;9;22250;22377,25
20150216;10;22500;22983,775
20150216;11;22550;22887,7
20150216;12;22650;23205,9
20150216;13;22700;23189,3
20150216;14;22850;23133,675
20150216;15;22250;22813,075
20150216;16;21700;22288,625
20150216;17;22350;22250,3
20150216;18;23650;23574,825
20150216;19;23750;23782,875
20150216;20;23550;23575,2
20150216;21;22650;22893,5
20150216;22;21350;21312,8
20150216;23;19800;19923,975
20150216;24;18300;18573,625
20150217;1;17150;17499,025
20150217;2;16500;17010,175
20150217;3;16150;16669,45
20150217;4;16300;16739,6
20150217;5;16750;17154,275
20150217;6;18000;17922,8
20150217;7;20400;20157,925
20150217;8;21700;21562,2
20150217;9;22500;22451,425
20150217;10;22650;22660,475
20150217;11;22600;22649,15
20150217;12;22600;22825,4
20150217;13;22700;22633,875
20150217;14;22800;22587,375
20150217;15;22400;22199,775
20150217;16;21900;21786,1
20150217;17;22500;21725,675
20150217;18;23700;23262,425
20150217;19;23700;23660,075
20150217;20;23700;23531,4
20150217;21;22750;22791,95
20150217;22;21350;21136,525
20150217;23;19800;19785,275
20150217;24;18300;18202,975
20150218;1;17500;17346,475
20150218;2;16800;16679,875
20150218;3;16600;16404,175
20150218;4;16600;16520,15
20150218;5;17000;16836,725
20150218;6;18200;17658,075
20150218;7;20500;19887,625
20150218;8;21900;21426,3
20150218;9;22800;22390,475
20150218;10;23000;22690,025
20150218;11;23200;22684,4
20150218;12;23200;22896,65
20150218;13;23300;22887,825
20150218;14;23500;22937,575
20150218;15;22900;22553,6
20150218;16;22300;22056,475
20150218;17;22800;22113,825
20150218;18;24000;23248,875
20150218;19;23900;23423,6
20150218;20;23900;23474,975
20150218;21;23000;22623,775
20150218;22;21600;21064,1
20150218;23;20100;19593,3
20150218;24;18700;18305,95
20150219;1;17400;17270,925
20150219;2;16800;16693,475
20150219;3;16600;16393,775
20150219;4;16700;16413,075
20150219;5;17100;16762,325
20150219;6;18400;17658,3
20150219;7;20700;19805,85
20150219;8;22000;21368,35
20150219;9;22700;22373,25
20150219;10;22900;22746,925
20150219;11;23100;22825,85
20150219;12;23200;22905,7
20150219;13;23300;22929,475
20150219;14;23400;22978,175
20150219;15;23000;22585,15
20150219;16;22400;22132,5
20150219;17;22700;22131,225
20150219;18;23900;23302,325
20150219;19;23800;23564,875
20150219;20;23800;23431,125
20150219;21;23000;22796,275
20150219;22;21700;21103,5
20150219;23;20100;19669,65
20150219;24;18600;18210,75
20150220;1;17300;17163,4
20150220;2;16700;16623,225
20150220;3;16400;16348,95
20150220;4;16400;16283,85
20150220;5;16900;16641,7
20150220;6;18400;17405,325
20150220;7;20500;19512,875
20150220;8;21800;21030,4
20150220;9;22500;21953,625
20150220;10;22600;22183,9
20150220;11;22700;22228,425
20150220;12;22700;22359,725
20150220;13;22800;22234,3
20150220;14;22800;22183,075
20150220;15;22300;21592,65
20150220;16;21900;21271,95
20150220;17;22300;21201,825
20150220;18;23500;22663,375
20150220;19;23400;23154,15
20150220;20;23400;23017,125
20150220;21;22700;22281,45
20150220;22;21200;20573
20150220;23;19600;19157,275
20150220;24;18200;17940,525
20150221;1;17000;16878,475
20150221;2;16400;16295,825
20150221;3;16000;15981,7
20150221;4;15900;15964,375
20150221;5;16000;16021,25
20150221;6;16200;16029,65
20150221;7;16800;16591,825
20150221;8;18100;17610,675
20150221;9;19500;18950,675
20150221;10;20100;19813,6
20150221;11;20400;20153,5
20150221;12;20400;20155,325
20150221;13;20300;19961,75
20150221;14;20300;19767,9
20150221;15;19600;19061,9
20150221;16;19100;18595,35
20150221;17;19500;18624,65
20150221;18;20700;20127,45
20150221;19;20800;20682,525
20150221;20;20600;20467,65
20150221;21;19900;19789,325
20150221;22;18800;18403,25
20150221;23;17700;17317,9
20150221;24;16500;16223,625
20150222;1;15500;15150,875
20150222;2;14800;14473,375
20150222;3;14500;14175,775
20150222;4;14300;14151,35
20150222;5;14400;14182,85
20150222;6;14400;14321,725
20150222;7;14600;14347,225
20150222;8;15300;14861,1
20150222;9;16400;15852,05
20150222;10;17300;16809,15
20150222;11;17700;17211,325
20150222;12;17800;17477,9
20150222;13;17900;17487,95
20150222;14;18000;17498,65
20150222;15;17700;17119,475
20150222;16;17200;16750,9
20150222;17;18100;16896,475
20150222;18;19600;18361,275
20150222;19;19800;19109,025
20150222;20;19700;19136,325
20150222;21;19200;18533,65
20150222;22;18300;17565,725
20150222;23;17300;16659,675
20150222;24;16100;15554,65
20150223;1;15300;14802,175
20150223;2;14800;14417,125
20150223;3;14600;14306,9
20150223;4;14700;14369,15
20150223;5;15500;14837,275
20150223;6;17200;16116
20150223;7;20000;18725,875
20150223;8;21600;20637,65
20150223;9;22600;21726,8
20150223;10;22800;22115,675
20150223;11;22800;22089,025
20150223;12;22900;22270,5
20150223;13;23000;22226,275
20150223;14;23200;22094,375
20150223;15;22800;21584,2
20150223;16;22200;21197,575
20150223;17;22500;21302,1
20150223;18;23600;22607,05
20150223;19;23600;23112
20150223;20;23400;22882,625
20150223;21;22700;22042,1
20150223;22;21300;20394,575
20150223;23;19800;18967,425
20150223;24;18400;17555,1
20150224;1;17100;16629,725
20150224;2;16400;16116,575
20150224;3;16200;15869,075
20150224;4;16300;15959,575
20150224;5;16700;16140,625
20150224;6;17800;16985,55
20150224;7;19900;19320,05
20150224;8;21400;20826,675
20150224;9;22100;21862,525
20150224;10;22300;22210,775
20150224;11;22400;22162,625
20150224;12;22500;22370,725
20150224;13;22600;22408,15
20150224;14;22800;22361,475
20150224;15;22300;22161,6
20150224;16;21800;21623,325
20150224;17;22000;21634,975
20150224;18;23400;22821,9
20150224;19;23500;23361,275
20150224;20;23400;23185,775
20150224;21;22700;22313,45
20150224;22;21400;20577,725
20150224;23;19800;19175,025
20150224;24;18300;17842,25
20150225;1;17050;16772,325
20150225;2;16400;16241,25
20150225;3;16150;15978,55
20150225;4;16250;16087,125
20150225;5;16800;16251,4
20150225;6;17700;17126,95
20150225;7;20150;19483,825
20150225;8;21550;21045,125
20150225;9;22250;22108,35
20150225;10;22450;22301,5
20150225;11;22600;22394,575
20150225;12;22700;22555,075
20150225;13;22800;22527,925
20150225;14;23000;22556,4
20150225;15;22450;22234,675
20150225;16;21850;21913,65
20150225;17;22100;21939,875
20150225;18;23450;22970,575
20150225;19;23550;23463,35
20150225;20;23450;23279,55
20150225;21;22700;22552,425
20150225;22;21150;20872,65
20150225;23;19600;19302,45
20150225;24;18200;17922,975
20150226;1;17008;16951,1
20150226;2;16408;16413,675
20150226;3;16110;16105,7
20150226;4;16218;16266,65
20150226;5;16498;16491,625
20150226;6;17399;17285,775
20150226;7;19438;19303,175
20150226;8;20825;20917,7
20150226;9;21831;22031,625
20150226;10;22248;22375,225
20150226;11;22230;22344,7
20150226;12;22618;22541,725
20150226;13;22688;22648,6
20150226;14;22698;22685,5
20150226;15;22278;22276,25
20150226;16;21842;21946,025
20150226;17;21799;21937,2
20150226;18;22875;22822,175
20150226;19;23475;23191,6
20150226;20;23230;23087,475
20150226;21;22368;22253,15
20150226;22;20768;20658,025
20150226;23;19175;19175,975
20150226;24;17965;17797,175
20150227;1;16900;16811,95
20150227;2;16300;16246,2
20150227;3;16100;16008,45
20150227;4;16200;16036,325
20150227;5;16600;16325,975
20150227;6;17800;17072,5
20150227;7;20100;19118,65
20150227;8;21500;20831,3
20150227;9;22300;21850,35
20150227;10;22400;22245,9
20150227;11;22600;22181,9
20150227;12;22700;22392,275
20150227;13;22700;22434,175
20150227;14;22900;22345,775
20150227;15;22500;22120,95
20150227;16;21900;21652,275
20150227;17;22100;21466,925
20150227;18;23500;22416,75
20150227;19;23600;23014,475
20150227;20;23500;22791,925
20150227;21;22700;22010,35
20150227;22;21300;20395,55
20150227;23;19700;18912,05
20150227;24;18300;17580,65
20150228;1;17100;16603,55
20150228;2;16500;15972,575
20150228;3;16100;15597,25
20150228;4;16000;15542,725
20150228;5;16100;15549,975
20150228;6;16200;15669,125
20150228;7;16800;16270,75
20150228;8;18100;17470,325
20150228;9;19500;18831,15
20150228;10;20000;19705,075
20150228;11;20400;20022,225
20150228;12;20400;20166,05
20150228;13;20200;19994,325
20150228;14;20200;19905,6
20150228;15;19500;19279,1
20150228;16;18900;18859,775
20150228;17;19200;18984,325
20150228;18;20800;19881,95
20150228;19;20900;20403,175
20150228;20;20700;20161,875
20150228;21;20200;19693,475
20150228;22;19000;18444,175
20150228;23;17700;17321,425
20150228;24;16700;16058,825
20150301;1;15100;14913,175
20150301;2;14500;14341,525
20150301;3;14200;14024,55
20150301;4;14100;13967,95
20150301;5;14200;14081,875
20150301;6;14200;14237,8
20150301;7;14200;14170,25
20150301;8;15100;14768,475
20150301;9;16200;15778,9
20150301;10;17000;16658,625
20150301;11;17300;17026,3
20150301;12;17300;17329,475
20150301;13;17400;17310,05
20150301;14;17500;17250,525
20150301;15;17100;16809,825
20150301;16;16600;16487,125
20150301;17;16900;16583,825
20150301;18;18900;18057,75
20150301;19;19400;19124,7
20150301;20;19400;19248,3
20150301;21;18900;18440,2
20150301;22;17900;17496,775
20150301;23;17000;16561,725
20150301;24;15800;15356,525
20150302;1;14900;14610,9
20150302;2;14400;14175
20150302;3;14200;14038,65
20150302;4;14300;14184,575
20150302;5;14900;14620,25
20150302;6;16800;15786,45
20150302;7;19400;18191,825
20150302;8;21100;20148,1
20150302;9;21900;21291,025
20150302;10;22100;21646,8
20150302;11;22200;21776,65
20150302;12;22300;22109,275
20150302;13;22400;22023,7
20150302;14;22500;22159,825
20150302;15;22000;21966,9
20150302;16;21500;21654,25
20150302;17;21500;21298,525
20150302;18;23000;22286,725
20150302;19;23300;23161,2
20150302;20;23200;22984,85
20150302;21;22200;22232,525
20150302;22;20900;20673,45
20150302;23;19300;19106,75
20150302;24;17700;17722,3
20150303;1;16700;16849,625
20150303;2;16200;16242,25
20150303;3;15900;16002,4
20150303;4;15900;16064,725
20150303;5;16400;16376,175
20150303;6;17300;17167,8
20150303;7;20000;19222,275
20150303;8;21400;21016,4
20150303;9;22100;21891,9
20150303;10;22300;22156,75
20150303;11;22400;22258,25
20150303;12;22400;22498,625
20150303;13;22500;22497,875
20150303;14;22600;22589,775
20150303;15;22300;22204,775
20150303;16;21800;21624,025
20150303;17;21700;21420,8
20150303;18;23000;22256,975
20150303;19;23500;23295,65
20150303;20;23400;23296,875
20150303;21;22500;22345,875
20150303;22;21100;20829,95
20150303;23;19300;19377,575
20150303;24;17900;17808,975
20150304;1;16800;16784,55
20150304;2;16300;16264,125
20150304;3;16000;16047,275
20150304;4;16100;16067,65
20150304;5;16500;16431,525
20150304;6;17400;17138,675
20150304;7;19800;19170,125
20150304;8;21100;21109,7
20150304;9;21700;22131,275
20150304;10;21800;22363,9
20150304;11;22000;22419,625
20150304;12;22000;22566,425
20150304;13;22000;22521,7
20150304;14;22200;22496,325
20150304;15;21700;22129,625
20150304;16;21300;21742,1
20150304;17;21100;21505,4
20150304;18;22700;22414,875
20150304;19;23200;23269,275
20150304;20;23100;23232,675
20150304;21;22300;22496,725
20150304;22;20800;20913,875
20150304;23;19300;19464,275
20150304;24;17700;18100,4
20150305;1;16800;17158,325
20150305;2;16200;16536,65
20150305;3;15900;16259,475
20150305;4;16000;16263,8
20150305;5;16400;16565,375
20150305;6;17500;17254,35
20150305;7;19900;19397,85
20150305;8;21300;21126,675
20150305;9;21900;22049,625
20150305;10;22200;22322,225
20150305;11;22300;22325,975
20150305;12;22400;22458,025
20150305;13;22500;22547,675
20150305;14;22700;22630,975
20150305;15;22300;22323,725
20150305;16;21800;21927
20150305;17;21700;21729,55
20150305;18;22900;22561,875
20150305;19;23500;23492,225
20150305;20;23400;23351,3
20150305;21;22500;22763,95
20150305;22;21100;21048,15
20150305;23;19300;19476,1
20150305;24;17900;18031,725
20150306;1;16900;17210,1
20150306;2;16400;16605,175
20150306;3;16000;16314,225
20150306;4;16100;16350,325
20150306;5;16500;16720,975
20150306;6;17600;17427,95
20150306;7;20100;19395,025
20150306;8;21700;21241,275
20150306;9;22300;22115,775
20150306;10;22500;22355,225
20150306;11;22500;22332,125
20150306;12;22600;22535,025
20150306;13;22700;22615,775
20150306;14;22800;22508,625
20150306;15;22400;22073,9
20150306;16;21700;21671,475
20150306;17;21700;21559,25
20150306;18;22900;22298,95
20150306;19;23500;23200,75
20150306;20;23500;23040,35
20150306;21;22600;22339,575
20150306;22;21300;20696,775
20150306;23;19600;19238,4
20150306;24;18100;17991,475
20150307;1;16913;16975
20150307;2;16225;16323,15
20150307;3;15900;15908,15
20150307;4;15800;15834,35
20150307;5;15850;15907,175
20150307;6;15850;15956,65
20150307;7;16225;16362,925
20150307;8;17400;17721,975
20150307;9;18750;18965,55
20150307;10;19650;19768,05
20150307;11;20075;20027
20150307;12;20225;20231,475
20150307;13;20025;20032,3
20150307;14;19850;19697,975
20150307;15;19175;19032,75
20150307;16;18725;18436,05
20150307;17;18575;18390,425
20150307;18;19275;19269,25
20150307;19;20400;20456,375
20150307;20;20375;20122,45
20150307;21;19650;19380,65
20150307;22;18475;18168,15
20150307;23;17350;17081,35
20150307;24;16200;15892,5
20150308;1;15000;14920,15
20150308;2;14300;14242,25
20150308;3;14000;13918,375
20150308;4;13900;13918
20150308;5;14050;13921,6
20150308;6;14100;13945,375
20150308;7;14200;13757,575
20150308;8;15100;14675,225
20150308;9;16150;15640,15
20150308;10;16850;16402,475
20150308;11;17050;16889,1
20150308;12;17150;16888,825
20150308;13;17150;17009,475
20150308;14;17150;16802,6
20150308;15;16700;16419,65
20150308;16;16200;16024,325
20150308;17;16350;16061,675
20150308;18;18400;17064,075
20150308;19;19100;18841,175
20150308;20;19200;18931,625
20150308;21;18600;18179,675
20150308;22;17700;17274,175
20150308;23;16750;16368,975
20150308;24;15550;15321,4
20150309;1;14700;14462,2
20150309;2;14300;14039,625
20150309;3;14200;13887,275
20150309;4;14300;14062,125
20150309;5;15000;14515,925
20150309;6;16600;15512,8
20150309;7;19300;18108,325
20150309;8;20900;20203,05
20150309;9;21700;21316,275
20150309;10;22000;21614,55
20150309;11;21800;21486,25
20150309;12;21900;21538,95
20150309;13;21900;21619,5
20150309;14;22000;21545,075
20150309;15;21500;21097,45
20150309;16;21000;20783,175
20150309;17;20900;20532,275
20150309;18;22500;21341,85
20150309;19;23100;22843,975
20150309;20;22900;22832,825
20150309;21;22000;22032,075
20150309;22;20700;20419
20150309;23;19000;18819,725
20150309;24;17600;17520,35
20150310;1;16582;16449,525
20150310;2;16008;16012,775
20150310;3;15728;15789
20150310;4;15750;15985,325
20150310;5;16052;16275,975
20150310;6;16790;17008,75
20150310;7;18825;18947,05
20150310;8;20625;20716,825
20150310;9;21562;21394,7
20150310;10;21820;21570,3
20150310;11;21650;21348,225
20150310;12;21545;21443,075
20150310;13;21501;21392,875
20150310;14;21500;21369,725
20150310;15;21012;21018,025
20150310;16;20615;20667,575
20150310;17;20505;20588,35
20150310;18;21258;21371,15
20150310;19;22675;22874,975
20150310;20;22688;22985,325
20150310;21;21952;22045,525
20150310;22;20522;-0
20150310;23;18918;-0
20150310;24;17435;-0
20150311;1;16682;16430,15
20150311;2;16108;15920,05
20150311;3;15828;15650,075
20150311;4;15845;15830,625
20150311;5;16105;16203,175
20150311;6;16868;16708,2
20150311;7;18912;18811,3
20150311;8;20725;20707,7
20150311;9;21575;21746,2
20150311;10;21930;21954,475
20150311;11;21888;21959,35
20150311;12;22058;22229,625
20150311;13;22032;22410,05
20150311;14;22088;22387,075
20150311;15;21690;22064,825
20150311;16;21392;21733,7
20150311;17;21268;21478,275
20150311;18;21800;22084,375
20150311;19;22975;23236,875
20150311;20;23105;23255,35
20150311;21;22280;22423,575
20150311;22;20785;20795,7
20150311;23;19142;19149,825
20150311;24;17835;17678,1
20150312;1;16700;16694,5
20150312;2;16050;16171,225
20150312;3;15850;15947
20150312;4;16000;15925,425
20150312;5;16450;16224,025
20150312;6;17150;16867
20150312;7;19850;18958,325
20150312;8;21200;20998,1
20150312;9;21900;21849,425
20150312;10;22050;21925,125
20150312;11;22100;21867,425
20150312;12;22200;21960,3
20150312;13;22300;22045,35
20150312;14;22400;22059,575
20150312;15;21900;21650,4
20150312;16;21300;21272,75
20150312;17;21200;21278,325
20150312;18;22300;21850,6
20150312;19;23200;23136,675
20150312;20;23150;23142,8
20150312;21;22400;22363,825
20150312;22;21050;20716,125
20150312;23;19400;19062,1
20150312;24;17950;17724,2
20150313;1;17000;16785
20150313;2;16300;16168,6
20150313;3;16000;15901,075
20150313;4;16100;15925,375
20150313;5;16600;16282,525
20150313;6;17100;16812,525
20150313;7;19900;18960,25
20150313;8;21200;20730,6
20150313;9;21900;21806,8
20150313;10;22100;22141,05
20150313;11;22100;22090,65
20150313;12;22200;22363,45
20150313;13;22300;22379,775
20150313;14;22500;22502,1
20150313;15;22200;22231,125
20150313;16;21600;21933,05
20150313;17;21500;21724
20150313;18;22500;22032,075
20150313;19;23300;22997,925
20150313;20;23200;22881,825
20150313;21;22500;22006,55
20150313;22;21300;20476,45
20150313;23;19700;18958,75
20150313;24;18300;17676,25
20150314;1;16900;16671,275
20150314;2;16200;16064,5
20150314;3;15800;15674,75
20150314;4;15700;15664,775
20150314;5;15800;15764,45
20150314;6;15700;15583,05
20150314;7;16700;16221,85
20150314;8;18200;17683,8
20150314;9;19300;18853,375
20150314;10;19900;19695,675
20150314;11;20200;20105,4
20150314;12;20200;20368,9
20150314;13;20000;20200,425
20150314;14;20000;20050,225
20150314;15;19200;19436,8
20150314;16;18700;18993,175
20150314;17;18500;18906,925
20150314;18;19800;19430,125
20150314;19;20600;20435,6
20150314;20;20400;20271,5
20150314;21;19700;19613,075
20150314;22;18500;18390,875
20150314;23;17500;17344,25
20150314;24;16300;16138
20150315;1;15000;15047,075
20150315;2;14300;14346,875
20150315;3;13900;14196,375
20150315;4;13800;13896,325
20150315;5;13800;13990,625
20150315;6;13800;13770,3
20150315;7;13900;13785,65
20150315;8;14900;14772,2
20150315;9;16000;15735,225
20150315;10;16700;16628
20150315;11;17000;17058,25
20150315;12;17100;17313,7
20150315;13;17300;17370,55
20150315;14;17200;17378,125
20150315;15;16800;16896
20150315;16;16400;16439,525
20150315;17;16300;16417,75
20150315;18;17800;17031,25
20150315;19;19100;18866,45
20150315;20;19200;19176,325
20150315;21;18500;18392,725
20150315;22;17600;17525,95
20150315;23;16700;16505,925
20150315;24;15600;15384,425
20150316;1;14500;14555,55
20150316;2;13950;14143,975
20150316;3;13850;13983,95
20150316;4;14200;14140,375
20150316;5;14900;14550,975
20150316;6;16100;15253
20150316;7;19100;17848,125
20150316;8;20800;20061,525
20150316;9;21650;21080,375
20150316;10;21700;21413,4
20150316;11;21800;21352,225
20150316;12;21850;21527,525
20150316;13;21900;21575,475
20150316;14;22000;21395,575
20150316;15;21500;20985,5
20150316;16;21000;20651,225
20150316;17;20800;20439,95
20150316;18;21900;20955,425
20150316;19;23100;22539,075
20150316;20;23100;22780,475
20150316;21;22400;22048,025
20150316;22;20900;20346,65
20150316;23;19100;18813,075
20150316;24;17700;17397,85
20150317;1;16650;16470,425
20150317;2;15950;15923,275
20150317;3;15750;15720,525
20150317;4;15850;15748,55
20150317;5;16200;16172,2
20150317;6;16800;16548,7
20150317;7;19600;18807,075
20150317;8;21000;20491,05
20150317;9;21600;21170,675
20150317;10;21700;21210,775
20150317;11;21700;21126,8
20150317;12;21800;21170,45
20150317;13;21800;21252,875
20150317;14;22000;21194,4
20150317;15;21600;20854,125
20150317;16;21050;20410,825
20150317;17;21000;20288,85
20150317;18;22100;20694,575
20150317;19;23200;22513,575
20150317;20;23100;22734,45
20150317;21;22300;21867,475
20150317;22;20900;20394,1
20150317;23;19200;18883,6
20150317;24;17800;17308,725
20150318;1;16550;16415,2
20150318;2;16000;15792,5
20150318;3;15750;15432,15
20150318;4;15900;15553,2
20150318;5;16300;15869,975
20150318;6;16800;16364,95
20150318;7;19550;18634,625
20150318;8;21000;20439,75
20150318;9;21700;21169,3
20150318;10;21800;21273,275
20150318;11;21750;21009,725
20150318;12;21800;21238,15
20150318;13;21750;21332,25
20150318;14;21950;21147,2
20150318;15;21450;20835,1
20150318;16;20850;20581,375
20150318;17;20800;20278,8
20150318;18;21700;20621,025
20150318;19;23100;22463,225
20150318;20;23100;22777,15
20150318;21;22350;22016,375
20150318;22;20850;20178,875
20150318;23;19100;18722,35
20150318;24;17600;17476,275
20150319;1;16550;16487,6
20150319;2;16000;15974,725
20150319;3;15700;15618,175
20150319;4;15800;15723,8
20150319;5;16300;16055,9
20150319;6;16700;16412,5
20150319;7;19750;18726,95
20150319;8;20950;20493,5
20150319;9;21350;21264,65
20150319;10;21550;21412,05
20150319;11;21500;21210,4
20150319;12;21550;21303,375
20150319;13;21650;21410,2
20150319;14;21750;21263
20150319;15;21200;20953,375
20150319;16;20750;20780,55
20150319;17;20500;20437,325
20150319;18;21600;20899,55
20150319;19;23000;22598,975
20150319;20;23000;22796,1
20150319;21;22250;22068,575
20150319;22;20750;20377,25
20150319;23;19000;18820,05
20150319;24;17500;17489,925
20150320;1;16450;16528,325
20150320;2;15750;15986,95
20150320;3;15500;15715,7
20150320;4;15650;15785,7
20150320;5;16100;16140,75
20150320;6;16700;16447,35
20150320;7;19500;18819,95
20150320;8;20850;20513,175
20150320;9;21650;21299,775
20150320;10;21750;21300,25
20150320;11;21700;21174,65
20150320;12;21700;21326,475
20150320;13;21650;21318,35
20150320;14;21850;21144,375
20150320;15;21300;20736,3
20150320;16;20700;20315,9
20150320;17;20400;20182,325
20150320;18;21300;20605,25
20150320;19;22650;22406,775
20150320;20;22650;22536,375
20150320;21;21850;21707,125
20150320;22;20550;19996,925
20150320;23;18900;18479,2
20150320;24;17500;17230,575
20150321;1;16500;16245,475
20150321;2;15900;15637,925
20150321;3;15500;15314,375
20150321;4;15400;15232,85
20150321;5;15500;15363,3
20150321;6;15250;14999,3
20150321;7;16500;15987,175
20150321;8;17900;17519,95
20150321;9;19000;18710,475
20150321;10;19500;19222,5
20150321;11;19800;19374,15
20150321;12;19850;19470,025
20150321;13;19700;19206,725
20150321;14;19600;18932,725
20150321;15;18900;18212,925
20150321;16;18450;17801,05
20150321;17;18250;17616,05
20150321;18;19050;18152,375
20150321;19;20250;19783,75
20150321;20;20250;20039,35
20150321;21;19550;19177,425
20150321;22;18350;17935,15
20150321;23;17350;16721,4
20150321;24;16150;15474,975
20150322;1;15000;14640,125
20150322;2;14300;14098,1
20150322;3;14000;13741,25
20150322;4;13900;13675,725
20150322;5;13900;13731,05
20150322;6;13700;13363,075
20150322;7;14100;13701,475
20150322;8;15200;14763,75
20150322;9;16100;15758,475
20150322;10;16700;16689,175
20150322;11;17000;17191,575
20150322;12;17100;17325,125
20150322;13;17200;17369,025
20150322;14;17200;17291,6
20150322;15;16800;16786,8
20150322;16;16300;16321,625
20150322;17;16300;16241,275
20150322;18;17500;16839,875
20150322;19;19200;18719,6
20150322;20;19200;19320,475
20150322;21;18600;18698,6
20150322;22;17600;17687,45
20150322;23;16700;16812,075
20150322;24;15400;15538,45
20150323;1;14600;14799,8
20150323;2;14200;14427,35
20150323;3;14100;14221,625
20150323;4;14200;14351,9
20150323;5;14700;14748,275
20150323;6;15900;15253,25
20150323;7;19000;18079,1
20150323;8;20800;20190,35
20150323;9;21700;21135,8
20150323;10;21800;21248,6
20150323;11;21700;21169,275
20150323;12;21800;21231,625
20150323;13;21800;21337,425
20150323;14;21900;21225,25
20150323;15;21600;20793,175
20150323;16;21100;20551,775
20150323;17;20800;20218,075
20150323;18;21600;20380,55
20150323;19;22900;22138,65
20150323;20;23000;22665,925
20150323;21;22200;22086,2
20150323;22;20800;20319,1
20150323;23;19000;18749,275
20150323;24;17600;17358,2
20150324;1;16600;16477,75
20150324;2;16000;15974,7
20150324;3;15700;15754,475
20150324;4;15800;15757,5
20150324;5;16200;16042,75
20150324;6;16700;16342,475
20150324;7;19600;18704,525
20150324;8;20900;20612,35
20150324;9;21500;21360,625
20150324;10;21500;21375,15
20150324;11;21500;21313,275
20150324;12;21500;21369,55
20150324;13;21600;21383,05
20150324;14;21600;21321,85
20150324;15;21300;20781,825
20150324;16;20800;20474,325
20150324;17;20600;20294,625
20150324;18;21200;20515,1
20150324;19;23000;22346,75
20150324;20;23000;22846,325
20150324;21;22200;22052,9
20150324;22;20800;20331,725
20150324;23;19100;18598,7
20150324;24;17700;17291,475
20150325;1;16450;16289,625
20150325;2;15850;15894,55
20150325;3;15500;15572,775
20150325;4;15600;15762,2
20150325;5;16000;15991,025
20150325;6;16650;16209,875
20150325;7;19550;18508,775
20150325;8;20850;20368,2
20150325;9;21450;21156,675
20150325;10;21400;21166,025
20150325;11;21350;21034,675
20150325;12;21400;21201,9
20150325;13;21450;21352,575
20150325;14;21450;21048,5
20150325;15;21000;20574,05
20150325;16;20550;20279,025
20150325;17;20300;20055,25
20150325;18;20850;20287,55
20150325;19;22700;21870,025
20150325;20;22750;22471,5
20150325;21;21950;21696,45
20150325;22;20550;20018,725
20150325;23;18800;18294,4
20150325;24;17400;17057,325
20150326;1;16500;16065,3
20150326;2;15900;15718,875
20150326;3;15600;15429,85
20150326;4;15700;15517,025
20150326;5;16100;15708,525
20150326;6;16500;15959,775
20150326;7;19600;18413,85
20150326;8;20900;20158,9
20150326;9;21500;20933,625
20150326;10;21500;21071,975
20150326;11;21400;21125,725
20150326;12;21500;21406,05
20150326;13;21600;21528,15
20150326;14;21600;21486,975
20150326;15;21200;21174,35
20150326;16;20800;20932,475
20150326;17;20600;20692,425
20150326;18;21100;20987
20150326;19;23100;22363,1
20150326;20;23100;22730,525
20150326;21;22300;21924,3
20150326;22;20800;20102,45
20150326;23;19000;18454,075
20150326;24;17500;17106
20150327;1;16400;16189,95
20150327;2;15900;15637,1
20150327;3;15600;15414,975
20150327;4;15800;15451,875
20150327;5;16100;15742,35
20150327;6;16700;15988,525
20150327;7;19600;18292,525
20150327;8;20900;20125,15
20150327;9;21500;21090,275
20150327;10;21500;21348,85
20150327;11;21600;21289,575
20150327;12;21700;21678,3
20150327;13;21800;21808,15
20150327;14;21800;21781,925
20150327;15;21400;21578,05
20150327;16;20800;21212,3
20150327;17;20600;20963,175
20150327;18;21200;21053,175
20150327;19;22800;22149,2
20150327;20;22800;22592,925
20150327;21;22000;21601,6
20150327;22;20600;20070,825
20150327;23;18800;18544,825
20150327;24;17400;17292,9
20150328;1;16300;16330,675
20150328;2;15600;15534,85
20150328;3;15200;15245,3
20150328;4;15100;15204,225
20150328;5;15100;15258,9
20150328;6;14800;14771,925
20150328;7;16300;15955,4
20150328;8;17800;17477,1
20150328;9;18800;18606,375
20150328;10;19200;19268,25
20150328;11;19500;19528,65
20150328;12;19500;19650,9
20150328;13;19500;19545,75
20150328;14;19300;19418,525
20150328;15;18700;18823,625
20150328;16;18200;18506,325
20150328;17;18100;18363,8
20150328;18;18700;18506,4
20150328;19;20100;19818,025
20150328;20;20100;20339,2
20150328;21;19500;19436,85
20150328;22;18200;18220,35
20150328;23;17000;16924,95
20150328;24;15700;15660,175
20150329;1;14600;14714,125
20150329;2;13600;14148,775
20150329;3;13400;13776,575
20150329;4;13500;13807,075
20150329;5;13500;13825,5
20150329;6;13700;13672,425
20150329;7;14700;14300,825
20150329;8;15700;15157,425
20150329;9;16700;16004,625
20150329;10;17000;16718,825
20150329;11;17100;16833,525
20150329;12;17100;16883,75
20150329;13;17000;17016,85
20150329;14;16500;16732,65
20150329;15;16200;16328,75
20150329;16;16000;16150,575
20150329;17;16000;16341,65
20150329;18;17000;16903,925
20150329;19;19000;18415,3
20150329;20;18400;18576,425
20150329;21;17500;17730,3
20150329;22;16500;16786,1
20150329;23;15400;15720,95
20150329;24;15350;15700,11
20150330;1;14300;14644,475
20150330;2;13800;14246,2
20150330;3;13550;13996,925
20150330;4;13700;14040,8
20150330;5;14200;14440,2
20150330;6;15650;15346,225
20150330;7;18450;17914,8
20150330;8;20150;20069,275
20150330;9;20950;21249,425
20150330;10;21100;21589,875
20150330;11;21250;21673,85
20150330;12;21450;21931,75
20150330;13;21550;21865,125
20150330;14;21600;21796,9
20150330;15;21050;21506,925
20150330;16;20550;21216,675
20150330;17;20100;20718,6
20150330;18;20000;20542,1
20150330;19;20750;20660,3
20150330;20;22500;22162,55
20150330;21;22200;22404,45
20150330;22;20400;20887,175
20150330;23;18800;19188,55
20150330;24;17300;17785,225
20150331;1;16400;16503,075
20150331;2;15750;16007,125
20150331;3;15450;15597,625
20150331;4;15550;15553,825
20150331;5;15950;15910,875
20150331;6;16750;16619,9
20150331;7;19300;18728,575
20150331;8;20800;20557,3
20150331;9;21500;21400
20150331;10;21600;21715,7
20150331;11;21650;21978,8
20150331;12;21700;22305,1
20150331;13;21800;22536,45
20150331;14;21850;22382,775
20150331;15;21500;22176,25
20150331;16;21000;21734,2
20150331;17;20650;21283
20150331;18;20500;20912,15
20150331;19;20950;20924,675
20150331;20;22700;22335,3
20150331;21;22400;22225,375
20150331;22;20800;20711,775
20150331;23;19200;19053,7
20150331;24;17600;17612,625
